object_id,image_relpath,image_name,preprocessing
object_001,object_001/img_001.jpg,img_001.jpg,bg_removed
object_001,object_001/img_002.jpg,img_002.jpg,bg_removed
object_001,object_001/img_003.jpg,img_003.jpg,bg_removed
object_001,object_001/img_004.jpg,img_004.jpg,bg_removed
object_001,object_001/img_005.jpg,img_005.jpg,bg_removed
object_001,object_001/img_006.jpg,img_006.jpg,bg_removed
object_001,object_001/img_007.jpg,img_007.jpg,bg_removed
object_001,object_001/img_008.jpg,img_008.jpg,bg_removed
object_001,object_001/img_009.jpg,img_009.jpg,bg_removed
object_001,object_001/img_010.jpg,img_010.jpg,bg_removed
object_001,object_001/img_011.jpg,img_011.jpg,bg_removed
object_001,object_001/img_012.jpg,img_012.jpg,bg_removed
object_001,object_001/img_013.jpg,img_013.jpg,bg_removed
object_001,object_001/img_014.jpg,img_014.jpg,bg_removed
object_001,object_001/img_015.jpg,img_015.jpg,bg_removed
object_001,object_001/img_016.jpg,img_016.jpg,bg_removed
object_001,object_001/img_017.jpg,img_017.jpg,bg_removed
object_001,object_001/img_018.jpg,img_018.jpg,bg_removed
object_001,object_001/img_019.jpg,img_019.jpg,bg_removed
object_002,object_002/img_001.jpg,img_001.jpg,bg_removed
object_002,object_002/img_002.jpg,img_002.jpg,bg_removed
object_002,object_002/img_003.jpg,img_003.jpg,bg_removed
object_002,object_002/img_004.jpg,img_004.jpg,bg_removed
object_002,object_002/img_005.jpg,img_005.jpg,bg_removed
object_002,object_002/img_006.jpg,img_006.jpg,bg_removed
object_002,object_002/img_007.jpg,img_007.jpg,bg_removed
object_002,object_002/img_008.jpg,img_008.jpg,bg_removed
object_002,object_002/img_009.jpg,img_009.jpg,bg_removed
object_002,object_002/img_010.jpg,img_010.jpg,bg_removed
object_002,object_002/img_011.jpg,img_011.jpg,bg_removed
object_002,object_002/img_012.jpg,img_012.jpg,bg_removed
object_002,object_002/img_013.jpg,img_013.jpg,bg_removed
object_002,object_002/img_014.jpg,img_014.jpg,bg_removed
object_002,object_002/img_015.jpg,img_015.jpg,bg_removed
object_002,object_002/img_016.jpg,img_016.jpg,bg_removed
object_002,object_002/img_017.jpg,img_017.jpg,bg_removed
object_002,object_002/img_018.jpg,img_018.jpg,bg_removed
object_002,object_002/img_019.jpg,img_019.jpg,bg_removed
object_002,object_002/img_020.jpg,img_020.jpg,bg_removed
object_002,object_002/img_021.jpg,img_021.jpg,bg_removed
object_003,object_003/img_010.jpg,img_010.jpg,bg_removed
object_003,object_003/img_012.jpg,img_012.jpg,bg_removed
object_004,object_004/img_019.jpg,img_019.jpg,bg_removed
object_005,object_005/img_001.jpg,img_001.jpg,bg_removed
object_005,object_005/img_002.jpg,img_002.jpg,bg_removed
object_005,object_005/img_003.jpg,img_003.jpg,bg_removed
object_005,object_005/img_004.jpg,img_004.jpg,bg_removed
object_005,object_005/img_005.jpg,img_005.jpg,bg_removed
object_005,object_005/img_006.jpg,img_006.jpg,bg_removed
object_005,object_005/img_007.jpg,img_007.jpg,bg_removed
object_005,object_005/img_008.jpg,img_008.jpg,bg_removed
object_005,object_005/img_009.jpg,img_009.jpg,bg_removed
object_005,object_005/img_010.jpg,img_010.jpg,bg_removed
object_005,object_005/img_011.jpg,img_011.jpg,bg_removed
object_005,object_005/img_012.jpg,img_012.jpg,bg_removed
object_005,object_005/img_013.jpg,img_013.jpg,bg_removed
object_005,object_005/img_014.jpg,img_014.jpg,bg_removed
object_005,object_005/img_015.jpg,img_015.jpg,bg_removed
object_005,object_005/img_016.jpg,img_016.jpg,bg_removed
object_005,object_005/img_017.jpg,img_017.jpg,bg_removed
object_005,object_005/img_018.jpg,img_018.jpg,bg_removed
object_005,object_005/img_019.jpg,img_019.jpg,bg_removed
object_005,object_005/img_020.jpg,img_020.jpg,bg_removed
object_005,object_005/img_021.jpg,img_021.jpg,bg_removed
object_005,object_005/img_022.jpg,img_022.jpg,bg_removed
object_005,object_005/img_023.jpg,img_023.jpg,bg_removed
object_005,object_005/img_024.jpg,img_024.jpg,bg_removed
object_005,object_005/img_025.jpg,img_025.jpg,bg_removed
object_005,object_005/img_026.jpg,img_026.jpg,bg_removed
object_005,object_005/img_027.jpg,img_027.jpg,bg_removed
object_005,object_005/img_028.jpg,img_028.jpg,bg_removed
object_005,object_005/img_029.jpg,img_029.jpg,bg_removed
object_005,object_005/img_030.jpg,img_030.jpg,bg_removed
object_005,object_005/img_031.jpg,img_031.jpg,bg_removed
object_005,object_005/img_032.jpg,img_032.jpg,bg_removed
object_005,object_005/img_033.jpg,img_033.jpg,bg_removed
object_005,object_005/img_034.jpg,img_034.jpg,bg_removed
object_006,object_006/img_001.jpg,img_001.jpg,bg_removed
object_006,object_006/img_002.jpg,img_002.jpg,bg_removed
object_006,object_006/img_003.jpg,img_003.jpg,bg_removed
object_006,object_006/img_004.jpg,img_004.jpg,bg_removed
object_006,object_006/img_005.jpg,img_005.jpg,bg_removed
object_006,object_006/img_006.jpg,img_006.jpg,bg_removed
object_006,object_006/img_007.jpg,img_007.jpg,bg_removed
object_006,object_006/img_008.jpg,img_008.jpg,bg_removed
object_006,object_006/img_009.jpg,img_009.jpg,bg_removed
object_006,object_006/img_010.jpg,img_010.jpg,bg_removed
object_006,object_006/img_011.jpg,img_011.jpg,bg_removed
object_006,object_006/img_012.jpg,img_012.jpg,bg_removed
object_006,object_006/img_013.jpg,img_013.jpg,bg_removed
object_006,object_006/img_014.jpg,img_014.jpg,bg_removed
object_006,object_006/img_015.jpg,img_015.jpg,bg_removed
object_006,object_006/img_016.jpg,img_016.jpg,bg_removed
object_006,object_006/img_017.jpg,img_017.jpg,bg_removed
object_006,object_006/img_018.jpg,img_018.jpg,bg_removed
object_006,object_006/img_019.jpg,img_019.jpg,bg_removed
object_006,object_006/img_020.jpg,img_020.jpg,bg_removed
object_006,object_006/img_021.jpg,img_021.jpg,bg_removed
object_006,object_006/img_022.jpg,img_022.jpg,bg_removed
object_006,object_006/img_023.jpg,img_023.jpg,bg_removed
object_006,object_006/img_024.jpg,img_024.jpg,bg_removed
object_006,object_006/img_025.jpg,img_025.jpg,bg_removed
object_006,object_006/img_026.jpg,img_026.jpg,bg_removed
object_006,object_006/img_027.jpg,img_027.jpg,bg_removed
object_006,object_006/img_028.jpg,img_028.jpg,bg_removed
object_006,object_006/img_029.jpg,img_029.jpg,bg_removed
object_006,object_006/img_030.jpg,img_030.jpg,bg_removed
object_006,object_006/img_031.jpg,img_031.jpg,bg_removed
object_006,object_006/img_032.jpg,img_032.jpg,bg_removed
object_006,object_006/img_033.jpg,img_033.jpg,bg_removed
object_006,object_006/img_034.jpg,img_034.jpg,bg_removed
object_007,object_007/img_001.jpg,img_001.jpg,bg_removed
object_007,object_007/img_002.jpg,img_002.jpg,bg_removed
object_007,object_007/img_003.jpg,img_003.jpg,bg_removed
object_007,object_007/img_004.jpg,img_004.jpg,bg_removed
object_007,object_007/img_005.jpg,img_005.jpg,bg_removed
object_007,object_007/img_006.jpg,img_006.jpg,bg_removed
object_007,object_007/img_007.jpg,img_007.jpg,bg_removed
object_007,object_007/img_008.jpg,img_008.jpg,bg_removed
object_007,object_007/img_009.jpg,img_009.jpg,bg_removed
object_007,object_007/img_010.jpg,img_010.jpg,bg_removed
object_007,object_007/img_011.jpg,img_011.jpg,bg_removed
object_007,object_007/img_012.jpg,img_012.jpg,bg_removed
object_007,object_007/img_013.jpg,img_013.jpg,bg_removed
object_007,object_007/img_014.jpg,img_014.jpg,bg_removed
object_007,object_007/img_015.jpg,img_015.jpg,bg_removed
object_007,object_007/img_016.jpg,img_016.jpg,bg_removed
object_007,object_007/img_017.jpg,img_017.jpg,bg_removed
object_007,object_007/img_018.jpg,img_018.jpg,bg_removed
object_007,object_007/img_019.jpg,img_019.jpg,bg_removed
object_007,object_007/img_020.jpg,img_020.jpg,bg_removed
object_007,object_007/img_021.jpg,img_021.jpg,bg_removed
object_007,object_007/img_022.jpg,img_022.jpg,bg_removed
object_007,object_007/img_023.jpg,img_023.jpg,bg_removed
object_007,object_007/img_024.jpg,img_024.jpg,bg_removed
object_007,object_007/img_025.jpg,img_025.jpg,bg_removed
object_007,object_007/img_026.jpg,img_026.jpg,bg_removed
object_007,object_007/img_027.jpg,img_027.jpg,bg_removed
object_007,object_007/img_028.jpg,img_028.jpg,bg_removed
object_007,object_007/img_029.jpg,img_029.jpg,bg_removed
object_007,object_007/img_030.jpg,img_030.jpg,bg_removed
object_007,object_007/img_031.jpg,img_031.jpg,bg_removed
object_008,object_008/img_001.jpg,img_001.jpg,bg_removed
object_008,object_008/img_002.jpg,img_002.jpg,bg_removed
object_008,object_008/img_003.jpg,img_003.jpg,bg_removed
object_008,object_008/img_004.jpg,img_004.jpg,bg_removed
object_008,object_008/img_005.jpg,img_005.jpg,bg_removed
object_008,object_008/img_006.jpg,img_006.jpg,bg_removed
object_008,object_008/img_007.jpg,img_007.jpg,bg_removed
object_008,object_008/img_008.jpg,img_008.jpg,bg_removed
object_008,object_008/img_009.jpg,img_009.jpg,bg_removed
object_008,object_008/img_010.jpg,img_010.jpg,bg_removed
object_008,object_008/img_011.jpg,img_011.jpg,bg_removed
object_008,object_008/img_012.jpg,img_012.jpg,bg_removed
object_008,object_008/img_013.jpg,img_013.jpg,bg_removed
object_008,object_008/img_014.jpg,img_014.jpg,bg_removed
object_008,object_008/img_015.jpg,img_015.jpg,bg_removed
object_008,object_008/img_016.jpg,img_016.jpg,bg_removed
object_008,object_008/img_017.jpg,img_017.jpg,bg_removed
object_008,object_008/img_018.jpg,img_018.jpg,bg_removed
object_008,object_008/img_019.jpg,img_019.jpg,bg_removed
object_008,object_008/img_020.jpg,img_020.jpg,bg_removed
object_008,object_008/img_021.jpg,img_021.jpg,bg_removed
object_009,object_009/img_001.jpg,img_001.jpg,bg_removed
object_009,object_009/img_002.jpg,img_002.jpg,bg_removed
object_009,object_009/img_003.jpg,img_003.jpg,bg_removed
object_009,object_009/img_004.jpg,img_004.jpg,bg_removed
object_009,object_009/img_005.jpg,img_005.jpg,bg_removed
object_009,object_009/img_006.jpg,img_006.jpg,bg_removed
object_009,object_009/img_007.jpg,img_007.jpg,bg_removed
object_009,object_009/img_008.jpg,img_008.jpg,bg_removed
object_009,object_009/img_009.jpg,img_009.jpg,bg_removed
object_009,object_009/img_010.jpg,img_010.jpg,bg_removed
object_009,object_009/img_011.jpg,img_011.jpg,bg_removed
object_009,object_009/img_012.jpg,img_012.jpg,bg_removed
object_009,object_009/img_013.jpg,img_013.jpg,bg_removed
object_009,object_009/img_014.jpg,img_014.jpg,bg_removed
object_009,object_009/img_015.jpg,img_015.jpg,bg_removed
object_009,object_009/img_016.jpg,img_016.jpg,bg_removed
object_009,object_009/img_017.jpg,img_017.jpg,bg_removed
object_009,object_009/img_018.jpg,img_018.jpg,bg_removed
object_009,object_009/img_019.jpg,img_019.jpg,bg_removed
object_010,object_010/img_001.jpg,img_001.jpg,bg_removed
object_010,object_010/img_002.jpg,img_002.jpg,bg_removed
object_010,object_010/img_003.jpg,img_003.jpg,bg_removed
object_010,object_010/img_004.jpg,img_004.jpg,bg_removed
object_010,object_010/img_005.jpg,img_005.jpg,bg_removed
object_010,object_010/img_006.jpg,img_006.jpg,bg_removed
object_010,object_010/img_007.jpg,img_007.jpg,bg_removed
object_010,object_010/img_008.jpg,img_008.jpg,bg_removed
object_010,object_010/img_009.jpg,img_009.jpg,bg_removed
object_010,object_010/img_010.jpg,img_010.jpg,bg_removed
object_011,object_011/img_001.jpg,img_001.jpg,bg_removed
object_011,object_011/img_002.jpg,img_002.jpg,bg_removed
object_011,object_011/img_003.jpg,img_003.jpg,bg_removed
object_011,object_011/img_004.jpg,img_004.jpg,bg_removed
object_011,object_011/img_005.jpg,img_005.jpg,bg_removed
object_011,object_011/img_006.jpg,img_006.jpg,bg_removed
object_011,object_011/img_007.jpg,img_007.jpg,bg_removed
object_011,object_011/img_008.jpg,img_008.jpg,bg_removed
object_011,object_011/img_009.jpg,img_009.jpg,bg_removed
object_011,object_011/img_010.jpg,img_010.jpg,bg_removed
object_012,object_012/img_001.jpg,img_001.jpg,bg_removed
object_012,object_012/img_002.jpg,img_002.jpg,bg_removed
object_012,object_012/img_003.jpg,img_003.jpg,bg_removed
object_012,object_012/img_004.jpg,img_004.jpg,bg_removed
object_012,object_012/img_005.jpg,img_005.jpg,bg_removed
object_012,object_012/img_006.jpg,img_006.jpg,bg_removed
object_012,object_012/img_007.jpg,img_007.jpg,bg_removed
object_012,object_012/img_008.jpg,img_008.jpg,bg_removed
object_012,object_012/img_009.jpg,img_009.jpg,bg_removed
object_012,object_012/img_010.jpg,img_010.jpg,bg_removed
object_014,object_014/img_001.jpg,img_001.jpg,bg_removed
object_014,object_014/img_002.jpg,img_002.jpg,bg_removed
object_014,object_014/img_003.jpg,img_003.jpg,bg_removed
object_014,object_014/img_004.jpg,img_004.jpg,bg_removed
object_014,object_014/img_005.jpg,img_005.jpg,bg_removed
object_014,object_014/img_006.jpg,img_006.jpg,bg_removed
object_014,object_014/img_007.jpg,img_007.jpg,bg_removed
object_014,object_014/img_008.jpg,img_008.jpg,bg_removed
object_014,object_014/img_009.jpg,img_009.jpg,bg_removed
object_014,object_014/img_010.jpg,img_010.jpg,bg_removed
object_015,object_015/img_001.jpg,img_001.jpg,bg_removed
object_015,object_015/img_002.jpg,img_002.jpg,bg_removed
object_015,object_015/img_003.jpg,img_003.jpg,bg_removed
object_015,object_015/img_004.jpg,img_004.jpg,bg_removed
object_015,object_015/img_005.jpg,img_005.jpg,bg_removed
object_015,object_015/img_006.jpg,img_006.jpg,bg_removed
object_015,object_015/img_007.jpg,img_007.jpg,bg_removed
object_015,object_015/img_008.jpg,img_008.jpg,bg_removed
object_015,object_015/img_009.jpg,img_009.jpg,bg_removed
object_015,object_015/img_010.jpg,img_010.jpg,bg_removed
object_016,object_016/img_001.jpg,img_001.jpg,bg_removed
object_016,object_016/img_002.jpg,img_002.jpg,bg_removed
object_016,object_016/img_003.jpg,img_003.jpg,bg_removed
object_016,object_016/img_004.jpg,img_004.jpg,bg_removed
object_016,object_016/img_005.jpg,img_005.jpg,bg_removed
object_016,object_016/img_006.jpg,img_006.jpg,bg_removed
object_016,object_016/img_007.jpg,img_007.jpg,bg_removed
object_016,object_016/img_008.jpg,img_008.jpg,bg_removed
object_016,object_016/img_009.jpg,img_009.jpg,bg_removed
object_016,object_016/img_010.jpg,img_010.jpg,bg_removed
object_017,object_017/img_001.jpg,img_001.jpg,bg_removed
object_017,object_017/img_002.jpg,img_002.jpg,bg_removed
object_017,object_017/img_003.jpg,img_003.jpg,bg_removed
object_017,object_017/img_004.jpg,img_004.jpg,bg_removed
object_017,object_017/img_005.jpg,img_005.jpg,bg_removed
object_017,object_017/img_006.jpg,img_006.jpg,bg_removed
object_017,object_017/img_007.jpg,img_007.jpg,bg_removed
object_017,object_017/img_008.jpg,img_008.jpg,bg_removed
object_017,object_017/img_009.jpg,img_009.jpg,bg_removed
object_017,object_017/img_010.jpg,img_010.jpg,bg_removed
object_018,object_018/img_001.jpg,img_001.jpg,bg_removed
object_018,object_018/img_002.jpg,img_002.jpg,bg_removed
object_018,object_018/img_003.jpg,img_003.jpg,bg_removed
object_018,object_018/img_004.jpg,img_004.jpg,bg_removed
object_018,object_018/img_005.jpg,img_005.jpg,bg_removed
object_018,object_018/img_006.jpg,img_006.jpg,bg_removed
object_018,object_018/img_007.jpg,img_007.jpg,bg_removed
object_018,object_018/img_008.jpg,img_008.jpg,bg_removed
object_018,object_018/img_009.jpg,img_009.jpg,bg_removed
object_018,object_018/img_010.jpg,img_010.jpg,bg_removed
object_019,object_019/img_001.jpg,img_001.jpg,bg_removed
object_019,object_019/img_002.jpg,img_002.jpg,bg_removed
object_019,object_019/img_003.jpg,img_003.jpg,bg_removed
object_019,object_019/img_004.jpg,img_004.jpg,bg_removed
object_019,object_019/img_005.jpg,img_005.jpg,bg_removed
object_019,object_019/img_006.jpg,img_006.jpg,bg_removed
object_019,object_019/img_007.jpg,img_007.jpg,bg_removed
object_019,object_019/img_008.jpg,img_008.jpg,bg_removed
object_019,object_019/img_009.jpg,img_009.jpg,bg_removed
object_019,object_019/img_010.jpg,img_010.jpg,bg_removed
object_020,object_020/img_001.jpg,img_001.jpg,bg_removed
object_020,object_020/img_002.jpg,img_002.jpg,bg_removed
object_020,object_020/img_003.jpg,img_003.jpg,bg_removed
object_020,object_020/img_004.jpg,img_004.jpg,bg_removed
object_020,object_020/img_005.jpg,img_005.jpg,bg_removed
object_020,object_020/img_006.jpg,img_006.jpg,bg_removed
object_020,object_020/img_007.jpg,img_007.jpg,bg_removed
object_020,object_020/img_008.jpg,img_008.jpg,bg_removed
object_020,object_020/img_009.jpg,img_009.jpg,bg_removed
object_020,object_020/img_010.jpg,img_010.jpg,bg_removed
object_021,object_021/img_001.jpg,img_001.jpg,bg_removed
object_021,object_021/img_002.jpg,img_002.jpg,bg_removed
object_021,object_021/img_003.jpg,img_003.jpg,bg_removed
object_021,object_021/img_004.jpg,img_004.jpg,bg_removed
object_021,object_021/img_005.jpg,img_005.jpg,bg_removed
object_021,object_021/img_006.jpg,img_006.jpg,bg_removed
object_021,object_021/img_007.jpg,img_007.jpg,bg_removed
object_021,object_021/img_008.jpg,img_008.jpg,bg_removed
object_021,object_021/img_009.jpg,img_009.jpg,bg_removed
object_021,object_021/img_010.jpg,img_010.jpg,bg_removed
object_022,object_022/img_001.jpg,img_001.jpg,bg_removed
object_022,object_022/img_002.jpg,img_002.jpg,bg_removed
object_022,object_022/img_003.jpg,img_003.jpg,bg_removed
object_022,object_022/img_004.jpg,img_004.jpg,bg_removed
object_022,object_022/img_005.jpg,img_005.jpg,bg_removed
object_022,object_022/img_006.jpg,img_006.jpg,bg_removed
object_022,object_022/img_007.jpg,img_007.jpg,bg_removed
object_022,object_022/img_008.jpg,img_008.jpg,bg_removed
object_022,object_022/img_009.jpg,img_009.jpg,bg_removed
object_022,object_022/img_010.jpg,img_010.jpg,bg_removed
object_023,object_023/img_001.jpg,img_001.jpg,bg_removed
object_023,object_023/img_002.jpg,img_002.jpg,bg_removed
object_023,object_023/img_003.jpg,img_003.jpg,bg_removed
object_023,object_023/img_004.jpg,img_004.jpg,bg_removed
object_023,object_023/img_005.jpg,img_005.jpg,bg_removed
object_023,object_023/img_006.jpg,img_006.jpg,bg_removed
object_023,object_023/img_007.jpg,img_007.jpg,bg_removed
object_023,object_023/img_008.jpg,img_008.jpg,bg_removed
object_023,object_023/img_009.jpg,img_009.jpg,bg_removed
object_023,object_023/img_010.jpg,img_010.jpg,bg_removed
object_024,object_024/img_001.jpg,img_001.jpg,bg_removed
object_024,object_024/img_002.jpg,img_002.jpg,bg_removed
object_024,object_024/img_003.jpg,img_003.jpg,bg_removed
object_024,object_024/img_004.jpg,img_004.jpg,bg_removed
object_024,object_024/img_005.jpg,img_005.jpg,bg_removed
object_024,object_024/img_006.jpg,img_006.jpg,bg_removed
object_024,object_024/img_007.jpg,img_007.jpg,bg_removed
object_024,object_024/img_008.jpg,img_008.jpg,bg_removed
object_024,object_024/img_009.jpg,img_009.jpg,bg_removed
object_024,object_024/img_010.jpg,img_010.jpg,bg_removed
object_025,object_025/img_001.jpg,img_001.jpg,bg_removed
object_025,object_025/img_002.jpg,img_002.jpg,bg_removed
object_025,object_025/img_003.jpg,img_003.jpg,bg_removed
object_025,object_025/img_004.jpg,img_004.jpg,bg_removed
object_025,object_025/img_005.jpg,img_005.jpg,bg_removed
object_025,object_025/img_006.jpg,img_006.jpg,bg_removed
object_025,object_025/img_007.jpg,img_007.jpg,bg_removed
object_025,object_025/img_008.jpg,img_008.jpg,bg_removed
object_025,object_025/img_009.jpg,img_009.jpg,bg_removed
object_025,object_025/img_010.jpg,img_010.jpg,bg_removed
object_026,object_026/img_001.jpg,img_001.jpg,bg_removed
object_026,object_026/img_002.jpg,img_002.jpg,bg_removed
object_026,object_026/img_003.jpg,img_003.jpg,bg_removed
object_026,object_026/img_004.jpg,img_004.jpg,bg_removed
object_026,object_026/img_005.jpg,img_005.jpg,bg_removed
object_026,object_026/img_006.jpg,img_006.jpg,bg_removed
object_026,object_026/img_007.jpg,img_007.jpg,bg_removed
object_026,object_026/img_008.jpg,img_008.jpg,bg_removed
object_026,object_026/img_009.jpg,img_009.jpg,bg_removed
object_026,object_026/img_010.jpg,img_010.jpg,bg_removed
object_027,object_027/img_001.jpg,img_001.jpg,bg_removed
object_027,object_027/img_002.jpg,img_002.jpg,bg_removed
object_027,object_027/img_003.jpg,img_003.jpg,bg_removed
object_027,object_027/img_004.jpg,img_004.jpg,bg_removed
object_027,object_027/img_005.jpg,img_005.jpg,bg_removed
object_027,object_027/img_006.jpg,img_006.jpg,bg_removed
object_027,object_027/img_007.jpg,img_007.jpg,bg_removed
object_027,object_027/img_008.jpg,img_008.jpg,bg_removed
object_027,object_027/img_009.jpg,img_009.jpg,bg_removed
object_027,object_027/img_010.jpg,img_010.jpg,bg_removed
object_028,object_028/img_001.jpg,img_001.jpg,bg_removed
object_028,object_028/img_002.jpg,img_002.jpg,bg_removed
object_028,object_028/img_003.jpg,img_003.jpg,bg_removed
object_028,object_028/img_004.jpg,img_004.jpg,bg_removed
object_028,object_028/img_005.jpg,img_005.jpg,bg_removed
object_028,object_028/img_006.jpg,img_006.jpg,bg_removed
object_028,object_028/img_007.jpg,img_007.jpg,bg_removed
object_028,object_028/img_008.jpg,img_008.jpg,bg_removed
object_028,object_028/img_009.jpg,img_009.jpg,bg_removed
object_028,object_028/img_010.jpg,img_010.jpg,bg_removed
object_029,object_029/img_001.jpg,img_001.jpg,bg_removed
object_029,object_029/img_002.jpg,img_002.jpg,bg_removed
object_029,object_029/img_003.jpg,img_003.jpg,bg_removed
object_029,object_029/img_004.jpg,img_004.jpg,bg_removed
object_029,object_029/img_005.jpg,img_005.jpg,bg_removed
object_029,object_029/img_006.jpg,img_006.jpg,bg_removed
object_029,object_029/img_007.jpg,img_007.jpg,bg_removed
object_029,object_029/img_008.jpg,img_008.jpg,bg_removed
object_029,object_029/img_009.jpg,img_009.jpg,bg_removed
object_029,object_029/img_010.jpg,img_010.jpg,bg_removed
object_030,object_030/img_001.jpg,img_001.jpg,bg_removed
object_030,object_030/img_002.jpg,img_002.jpg,bg_removed
object_030,object_030/img_003.jpg,img_003.jpg,bg_removed
object_030,object_030/img_004.jpg,img_004.jpg,bg_removed
object_030,object_030/img_005.jpg,img_005.jpg,bg_removed
object_030,object_030/img_006.jpg,img_006.jpg,bg_removed
object_030,object_030/img_007.jpg,img_007.jpg,bg_removed
object_030,object_030/img_008.jpg,img_008.jpg,bg_removed
object_030,object_030/img_009.jpg,img_009.jpg,bg_removed
object_030,object_030/img_010.jpg,img_010.jpg,bg_removed
object_031,object_031/img_001.jpg,img_001.jpg,bg_removed
object_031,object_031/img_002.jpg,img_002.jpg,bg_removed
object_031,object_031/img_003.jpg,img_003.jpg,bg_removed
object_031,object_031/img_004.jpg,img_004.jpg,bg_removed
object_031,object_031/img_005.jpg,img_005.jpg,bg_removed
object_031,object_031/img_006.jpg,img_006.jpg,bg_removed
object_031,object_031/img_007.jpg,img_007.jpg,bg_removed
object_031,object_031/img_008.jpg,img_008.jpg,bg_removed
object_031,object_031/img_009.jpg,img_009.jpg,bg_removed
object_031,object_031/img_010.jpg,img_010.jpg,bg_removed
object_032,object_032/img_001.jpg,img_001.jpg,bg_removed
object_032,object_032/img_002.jpg,img_002.jpg,bg_removed
object_032,object_032/img_003.jpg,img_003.jpg,bg_removed
object_032,object_032/img_004.jpg,img_004.jpg,bg_removed
object_032,object_032/img_005.jpg,img_005.jpg,bg_removed
object_032,object_032/img_006.jpg,img_006.jpg,bg_removed
object_032,object_032/img_007.jpg,img_007.jpg,bg_removed
object_032,object_032/img_008.jpg,img_008.jpg,bg_removed
object_032,object_032/img_009.jpg,img_009.jpg,bg_removed
object_032,object_032/img_010.jpg,img_010.jpg,bg_removed
object_033,object_033/img_001.jpg,img_001.jpg,bg_removed
object_033,object_033/img_002.jpg,img_002.jpg,bg_removed
object_033,object_033/img_003.jpg,img_003.jpg,bg_removed
object_033,object_033/img_004.jpg,img_004.jpg,bg_removed
object_033,object_033/img_005.jpg,img_005.jpg,bg_removed
object_033,object_033/img_006.jpg,img_006.jpg,bg_removed
object_033,object_033/img_007.jpg,img_007.jpg,bg_removed
object_033,object_033/img_008.jpg,img_008.jpg,bg_removed
object_033,object_033/img_009.jpg,img_009.jpg,bg_removed
object_033,object_033/img_010.jpg,img_010.jpg,bg_removed
object_034,object_034/img_001.jpg,img_001.jpg,bg_removed
object_034,object_034/img_002.jpg,img_002.jpg,bg_removed
object_034,object_034/img_003.jpg,img_003.jpg,bg_removed
object_034,object_034/img_004.jpg,img_004.jpg,bg_removed
object_034,object_034/img_005.jpg,img_005.jpg,bg_removed
object_034,object_034/img_006.jpg,img_006.jpg,bg_removed
object_034,object_034/img_007.jpg,img_007.jpg,bg_removed
object_034,object_034/img_008.jpg,img_008.jpg,bg_removed
object_034,object_034/img_009.jpg,img_009.jpg,bg_removed
object_034,object_034/img_010.jpg,img_010.jpg,bg_removed
object_035,object_035/img_001.jpg,img_001.jpg,bg_removed
object_035,object_035/img_002.jpg,img_002.jpg,bg_removed
object_035,object_035/img_003.jpg,img_003.jpg,bg_removed
object_035,object_035/img_004.jpg,img_004.jpg,bg_removed
object_035,object_035/img_005.jpg,img_005.jpg,bg_removed
object_035,object_035/img_006.jpg,img_006.jpg,bg_removed
object_035,object_035/img_007.jpg,img_007.jpg,bg_removed
object_035,object_035/img_008.jpg,img_008.jpg,bg_removed
object_035,object_035/img_009.jpg,img_009.jpg,bg_removed
object_035,object_035/img_010.jpg,img_010.jpg,bg_removed
object_036,object_036/img_001.jpg,img_001.jpg,bg_removed
object_036,object_036/img_002.jpg,img_002.jpg,bg_removed
object_036,object_036/img_003.jpg,img_003.jpg,bg_removed
object_036,object_036/img_004.jpg,img_004.jpg,bg_removed
object_036,object_036/img_005.jpg,img_005.jpg,bg_removed
object_036,object_036/img_006.jpg,img_006.jpg,bg_removed
object_036,object_036/img_007.jpg,img_007.jpg,bg_removed
object_036,object_036/img_008.jpg,img_008.jpg,bg_removed
object_036,object_036/img_009.jpg,img_009.jpg,bg_removed
object_036,object_036/img_010.jpg,img_010.jpg,bg_removed
object_037,object_037/img_001.jpg,img_001.jpg,bg_removed
object_037,object_037/img_002.jpg,img_002.jpg,bg_removed
object_037,object_037/img_003.jpg,img_003.jpg,bg_removed
object_037,object_037/img_004.jpg,img_004.jpg,bg_removed
object_037,object_037/img_005.jpg,img_005.jpg,bg_removed
object_037,object_037/img_006.jpg,img_006.jpg,bg_removed
object_037,object_037/img_007.jpg,img_007.jpg,bg_removed
object_037,object_037/img_008.jpg,img_008.jpg,bg_removed
object_037,object_037/img_009.jpg,img_009.jpg,bg_removed
object_037,object_037/img_010.jpg,img_010.jpg,bg_removed
object_038,object_038/img_001.jpg,img_001.jpg,bg_removed
object_038,object_038/img_002.jpg,img_002.jpg,bg_removed
object_038,object_038/img_003.jpg,img_003.jpg,bg_removed
object_038,object_038/img_004.jpg,img_004.jpg,bg_removed
object_038,object_038/img_005.jpg,img_005.jpg,bg_removed
object_038,object_038/img_006.jpg,img_006.jpg,bg_removed
object_038,object_038/img_007.jpg,img_007.jpg,bg_removed
object_038,object_038/img_008.jpg,img_008.jpg,bg_removed
object_038,object_038/img_009.jpg,img_009.jpg,bg_removed
object_038,object_038/img_010.jpg,img_010.jpg,bg_removed
object_039,object_039/img_001.jpg,img_001.jpg,bg_removed
object_039,object_039/img_002.jpg,img_002.jpg,bg_removed
object_039,object_039/img_003.jpg,img_003.jpg,bg_removed
object_039,object_039/img_004.jpg,img_004.jpg,bg_removed
object_039,object_039/img_005.jpg,img_005.jpg,bg_removed
object_039,object_039/img_006.jpg,img_006.jpg,bg_removed
object_039,object_039/img_007.jpg,img_007.jpg,bg_removed
object_039,object_039/img_008.jpg,img_008.jpg,bg_removed
object_039,object_039/img_009.jpg,img_009.jpg,bg_removed
object_039,object_039/img_010.jpg,img_010.jpg,bg_removed
object_040,object_040/img_001.jpg,img_001.jpg,bg_removed
object_040,object_040/img_002.jpg,img_002.jpg,bg_removed
object_040,object_040/img_003.jpg,img_003.jpg,bg_removed
object_040,object_040/img_004.jpg,img_004.jpg,bg_removed
object_040,object_040/img_005.jpg,img_005.jpg,bg_removed
object_040,object_040/img_006.jpg,img_006.jpg,bg_removed
object_040,object_040/img_007.jpg,img_007.jpg,bg_removed
object_040,object_040/img_008.jpg,img_008.jpg,bg_removed
object_040,object_040/img_009.jpg,img_009.jpg,bg_removed
object_040,object_040/img_010.jpg,img_010.jpg,bg_removed
object_041,object_041/img_001.jpg,img_001.jpg,bg_removed
object_041,object_041/img_002.jpg,img_002.jpg,bg_removed
object_041,object_041/img_003.jpg,img_003.jpg,bg_removed
object_041,object_041/img_004.jpg,img_004.jpg,bg_removed
object_041,object_041/img_005.jpg,img_005.jpg,bg_removed
object_041,object_041/img_006.jpg,img_006.jpg,bg_removed
object_041,object_041/img_007.jpg,img_007.jpg,bg_removed
object_041,object_041/img_008.jpg,img_008.jpg,bg_removed
object_041,object_041/img_009.jpg,img_009.jpg,bg_removed
object_041,object_041/img_010.jpg,img_010.jpg,bg_removed
object_042,object_042/img_001.jpg,img_001.jpg,bg_removed
object_042,object_042/img_002.jpg,img_002.jpg,bg_removed
object_042,object_042/img_003.jpg,img_003.jpg,bg_removed
object_042,object_042/img_004.jpg,img_004.jpg,bg_removed
object_042,object_042/img_005.jpg,img_005.jpg,bg_removed
object_042,object_042/img_006.jpg,img_006.jpg,bg_removed
object_042,object_042/img_007.jpg,img_007.jpg,bg_removed
object_042,object_042/img_008.jpg,img_008.jpg,bg_removed
object_042,object_042/img_009.jpg,img_009.jpg,bg_removed
object_042,object_042/img_010.jpg,img_010.jpg,bg_removed
object_042,object_042/img_011.jpg,img_011.jpg,bg_removed
object_043,object_043/img_001.jpg,img_001.jpg,bg_removed
object_043,object_043/img_002.jpg,img_002.jpg,bg_removed
object_043,object_043/img_003.jpg,img_003.jpg,bg_removed
object_043,object_043/img_004.jpg,img_004.jpg,bg_removed
object_043,object_043/img_005.jpg,img_005.jpg,bg_removed
object_043,object_043/img_006.jpg,img_006.jpg,bg_removed
object_043,object_043/img_007.jpg,img_007.jpg,bg_removed
object_043,object_043/img_008.jpg,img_008.jpg,bg_removed
object_043,object_043/img_009.jpg,img_009.jpg,bg_removed
object_043,object_043/img_010.jpg,img_010.jpg,bg_removed
object_044,object_044/img_001.jpg,img_001.jpg,bg_removed
object_044,object_044/img_002.jpg,img_002.jpg,bg_removed
object_044,object_044/img_003.jpg,img_003.jpg,bg_removed
object_044,object_044/img_004.jpg,img_004.jpg,bg_removed
object_044,object_044/img_005.jpg,img_005.jpg,bg_removed
object_044,object_044/img_006.jpg,img_006.jpg,bg_removed
object_044,object_044/img_007.jpg,img_007.jpg,bg_removed
object_044,object_044/img_008.jpg,img_008.jpg,bg_removed
object_044,object_044/img_009.jpg,img_009.jpg,bg_removed
object_044,object_044/img_010.jpg,img_010.jpg,bg_removed
object_045,object_045/img_001.jpg,img_001.jpg,bg_removed
object_045,object_045/img_002.jpg,img_002.jpg,bg_removed
object_045,object_045/img_003.jpg,img_003.jpg,bg_removed
object_045,object_045/img_004.jpg,img_004.jpg,bg_removed
object_045,object_045/img_005.jpg,img_005.jpg,bg_removed
object_045,object_045/img_006.jpg,img_006.jpg,bg_removed
object_045,object_045/img_007.jpg,img_007.jpg,bg_removed
object_045,object_045/img_008.jpg,img_008.jpg,bg_removed
object_045,object_045/img_009.jpg,img_009.jpg,bg_removed
object_045,object_045/img_010.jpg,img_010.jpg,bg_removed
object_046,object_046/img_001.jpg,img_001.jpg,bg_removed
object_046,object_046/img_002.jpg,img_002.jpg,bg_removed
object_046,object_046/img_003.jpg,img_003.jpg,bg_removed
object_046,object_046/img_004.jpg,img_004.jpg,bg_removed
object_046,object_046/img_005.jpg,img_005.jpg,bg_removed
object_046,object_046/img_006.jpg,img_006.jpg,bg_removed
object_046,object_046/img_007.jpg,img_007.jpg,bg_removed
object_046,object_046/img_008.jpg,img_008.jpg,bg_removed
object_046,object_046/img_009.jpg,img_009.jpg,bg_removed
object_046,object_046/img_010.jpg,img_010.jpg,bg_removed
object_047,object_047/img_001.jpg,img_001.jpg,bg_removed
object_047,object_047/img_002.jpg,img_002.jpg,bg_removed
object_047,object_047/img_003.jpg,img_003.jpg,bg_removed
object_047,object_047/img_004.jpg,img_004.jpg,bg_removed
object_047,object_047/img_005.jpg,img_005.jpg,bg_removed
object_047,object_047/img_006.jpg,img_006.jpg,bg_removed
object_047,object_047/img_007.jpg,img_007.jpg,bg_removed
object_047,object_047/img_008.jpg,img_008.jpg,bg_removed
object_047,object_047/img_009.jpg,img_009.jpg,bg_removed
object_047,object_047/img_010.jpg,img_010.jpg,bg_removed
object_048,object_048/img_001.jpg,img_001.jpg,bg_removed
object_048,object_048/img_002.jpg,img_002.jpg,bg_removed
object_048,object_048/img_003.jpg,img_003.jpg,bg_removed
object_048,object_048/img_004.jpg,img_004.jpg,bg_removed
object_048,object_048/img_005.jpg,img_005.jpg,bg_removed
object_048,object_048/img_006.jpg,img_006.jpg,bg_removed
object_048,object_048/img_007.jpg,img_007.jpg,bg_removed
object_048,object_048/img_008.jpg,img_008.jpg,bg_removed
object_048,object_048/img_009.jpg,img_009.jpg,bg_removed
object_048,object_048/img_010.jpg,img_010.jpg,bg_removed
object_049,object_049/img_001.jpg,img_001.jpg,bg_removed
object_049,object_049/img_002.jpg,img_002.jpg,bg_removed
object_049,object_049/img_003.jpg,img_003.jpg,bg_removed
object_049,object_049/img_004.jpg,img_004.jpg,bg_removed
object_049,object_049/img_005.jpg,img_005.jpg,bg_removed
object_049,object_049/img_006.jpg,img_006.jpg,bg_removed
object_049,object_049/img_007.jpg,img_007.jpg,bg_removed
object_049,object_049/img_008.jpg,img_008.jpg,bg_removed
object_049,object_049/img_009.jpg,img_009.jpg,bg_removed
object_049,object_049/img_010.jpg,img_010.jpg,bg_removed
object_050,object_050/img_001.jpg,img_001.jpg,bg_removed
object_050,object_050/img_002.jpg,img_002.jpg,bg_removed
object_050,object_050/img_003.jpg,img_003.jpg,bg_removed
object_050,object_050/img_004.jpg,img_004.jpg,bg_removed
object_050,object_050/img_005.jpg,img_005.jpg,bg_removed
object_050,object_050/img_006.jpg,img_006.jpg,bg_removed
object_050,object_050/img_007.jpg,img_007.jpg,bg_removed
object_050,object_050/img_008.jpg,img_008.jpg,bg_removed
object_050,object_050/img_009.jpg,img_009.jpg,bg_removed
object_050,object_050/img_010.jpg,img_010.jpg,bg_removed
object_051,object_051/img_001.jpg,img_001.jpg,bg_removed
object_051,object_051/img_002.jpg,img_002.jpg,bg_removed
object_051,object_051/img_003.jpg,img_003.jpg,bg_removed
object_051,object_051/img_004.jpg,img_004.jpg,bg_removed
object_051,object_051/img_005.jpg,img_005.jpg,bg_removed
object_051,object_051/img_006.jpg,img_006.jpg,bg_removed
object_051,object_051/img_007.jpg,img_007.jpg,bg_removed
object_051,object_051/img_008.jpg,img_008.jpg,bg_removed
object_051,object_051/img_009.jpg,img_009.jpg,bg_removed
object_051,object_051/img_010.jpg,img_010.jpg,bg_removed
object_052,object_052/img_001.jpg,img_001.jpg,bg_removed
object_052,object_052/img_002.jpg,img_002.jpg,bg_removed
object_052,object_052/img_003.jpg,img_003.jpg,bg_removed
object_052,object_052/img_004.jpg,img_004.jpg,bg_removed
object_052,object_052/img_005.jpg,img_005.jpg,bg_removed
object_052,object_052/img_006.jpg,img_006.jpg,bg_removed
object_052,object_052/img_007.jpg,img_007.jpg,bg_removed
object_052,object_052/img_008.jpg,img_008.jpg,bg_removed
object_052,object_052/img_009.jpg,img_009.jpg,bg_removed
object_052,object_052/img_010.jpg,img_010.jpg,bg_removed
object_053,object_053/img_001.jpg,img_001.jpg,bg_removed
object_053,object_053/img_002.jpg,img_002.jpg,bg_removed
object_053,object_053/img_003.jpg,img_003.jpg,bg_removed
object_053,object_053/img_004.jpg,img_004.jpg,bg_removed
object_053,object_053/img_005.jpg,img_005.jpg,bg_removed
object_053,object_053/img_006.jpg,img_006.jpg,bg_removed
object_053,object_053/img_007.jpg,img_007.jpg,bg_removed
object_053,object_053/img_008.jpg,img_008.jpg,bg_removed
object_053,object_053/img_009.jpg,img_009.jpg,bg_removed
object_053,object_053/img_010.jpg,img_010.jpg,bg_removed
object_054,object_054/img_001.jpg,img_001.jpg,bg_removed
object_054,object_054/img_002.jpg,img_002.jpg,bg_removed
object_054,object_054/img_004.jpg,img_004.jpg,bg_removed
object_054,object_054/img_006.jpg,img_006.jpg,bg_removed
object_054,object_054/img_007.jpg,img_007.jpg,bg_removed
object_054,object_054/img_008.jpg,img_008.jpg,bg_removed
object_054,object_054/img_009.jpg,img_009.jpg,bg_removed
object_054,object_054/img_010.jpg,img_010.jpg,bg_removed
object_055,object_055/img_001.jpg,img_001.jpg,bg_removed
object_055,object_055/img_002.jpg,img_002.jpg,bg_removed
object_055,object_055/img_003.jpg,img_003.jpg,bg_removed
object_055,object_055/img_004.jpg,img_004.jpg,bg_removed
object_055,object_055/img_005.jpg,img_005.jpg,bg_removed
object_055,object_055/img_006.jpg,img_006.jpg,bg_removed
object_055,object_055/img_007.jpg,img_007.jpg,bg_removed
object_055,object_055/img_008.jpg,img_008.jpg,bg_removed
object_055,object_055/img_009.jpg,img_009.jpg,bg_removed
object_055,object_055/img_010.jpg,img_010.jpg,bg_removed
object_056,object_056/img_001.jpg,img_001.jpg,bg_removed
object_056,object_056/img_002.jpg,img_002.jpg,bg_removed
object_056,object_056/img_003.jpg,img_003.jpg,bg_removed
object_056,object_056/img_004.jpg,img_004.jpg,bg_removed
object_056,object_056/img_005.jpg,img_005.jpg,bg_removed
object_056,object_056/img_006.jpg,img_006.jpg,bg_removed
object_056,object_056/img_007.jpg,img_007.jpg,bg_removed
object_056,object_056/img_008.jpg,img_008.jpg,bg_removed
object_056,object_056/img_009.jpg,img_009.jpg,bg_removed
object_056,object_056/img_010.jpg,img_010.jpg,bg_removed
object_057,object_057/img_001.jpg,img_001.jpg,bg_removed
object_057,object_057/img_002.jpg,img_002.jpg,bg_removed
object_057,object_057/img_003.jpg,img_003.jpg,bg_removed
object_057,object_057/img_004.jpg,img_004.jpg,bg_removed
object_057,object_057/img_005.jpg,img_005.jpg,bg_removed
object_057,object_057/img_006.jpg,img_006.jpg,bg_removed
object_057,object_057/img_007.jpg,img_007.jpg,bg_removed
object_057,object_057/img_008.jpg,img_008.jpg,bg_removed
object_057,object_057/img_009.jpg,img_009.jpg,bg_removed
object_057,object_057/img_010.jpg,img_010.jpg,bg_removed
object_057,object_057/img_011.jpg,img_011.jpg,bg_removed
object_057,object_057/img_012.jpg,img_012.jpg,bg_removed
object_057,object_057/img_013.jpg,img_013.jpg,bg_removed
object_057,object_057/img_014.jpg,img_014.jpg,bg_removed
object_057,object_057/img_015.jpg,img_015.jpg,bg_removed
object_057,object_057/img_016.jpg,img_016.jpg,bg_removed
object_057,object_057/img_017.jpg,img_017.jpg,bg_removed
object_057,object_057/img_018.jpg,img_018.jpg,bg_removed
object_057,object_057/img_019.jpg,img_019.jpg,bg_removed
object_057,object_057/img_020.jpg,img_020.jpg,bg_removed
object_057,object_057/img_021.jpg,img_021.jpg,bg_removed
object_057,object_057/img_022.jpg,img_022.jpg,bg_removed
object_057,object_057/img_023.jpg,img_023.jpg,bg_removed
object_057,object_057/img_024.jpg,img_024.jpg,bg_removed
object_057,object_057/img_025.jpg,img_025.jpg,bg_removed
object_058,object_058/img_015.jpg,img_015.jpg,bg_removed
object_058,object_058/img_016.jpg,img_016.jpg,bg_removed
object_058,object_058/img_017.jpg,img_017.jpg,bg_removed
object_058,object_058/img_018.jpg,img_018.jpg,bg_removed
object_058,object_058/img_019.jpg,img_019.jpg,bg_removed
object_058,object_058/img_021.jpg,img_021.jpg,bg_removed
object_058,object_058/img_022.jpg,img_022.jpg,bg_removed
object_059,object_059/img_001.jpg,img_001.jpg,bg_removed
object_059,object_059/img_002.jpg,img_002.jpg,bg_removed
object_059,object_059/img_003.jpg,img_003.jpg,bg_removed
object_059,object_059/img_004.jpg,img_004.jpg,bg_removed
object_059,object_059/img_005.jpg,img_005.jpg,bg_removed
object_059,object_059/img_006.jpg,img_006.jpg,bg_removed
object_059,object_059/img_007.jpg,img_007.jpg,bg_removed
object_059,object_059/img_008.jpg,img_008.jpg,bg_removed
object_059,object_059/img_009.jpg,img_009.jpg,bg_removed
object_059,object_059/img_010.jpg,img_010.jpg,bg_removed
object_059,object_059/img_011.jpg,img_011.jpg,bg_removed
object_059,object_059/img_012.jpg,img_012.jpg,bg_removed
object_059,object_059/img_013.jpg,img_013.jpg,bg_removed
object_059,object_059/img_014.jpg,img_014.jpg,bg_removed
object_059,object_059/img_015.jpg,img_015.jpg,bg_removed
object_059,object_059/img_016.jpg,img_016.jpg,bg_removed
object_059,object_059/img_017.jpg,img_017.jpg,bg_removed
object_059,object_059/img_018.jpg,img_018.jpg,bg_removed
object_059,object_059/img_019.jpg,img_019.jpg,bg_removed
object_059,object_059/img_020.jpg,img_020.jpg,bg_removed
object_059,object_059/img_021.jpg,img_021.jpg,bg_removed
object_059,object_059/img_022.jpg,img_022.jpg,bg_removed
object_059,object_059/img_023.jpg,img_023.jpg,bg_removed
object_059,object_059/img_024.jpg,img_024.jpg,bg_removed
object_059,object_059/img_025.jpg,img_025.jpg,bg_removed
object_060,object_060/img_001.jpg,img_001.jpg,bg_removed
object_060,object_060/img_002.jpg,img_002.jpg,bg_removed
object_060,object_060/img_003.jpg,img_003.jpg,bg_removed
object_060,object_060/img_004.jpg,img_004.jpg,bg_removed
object_060,object_060/img_005.jpg,img_005.jpg,bg_removed
object_060,object_060/img_006.jpg,img_006.jpg,bg_removed
object_060,object_060/img_007.jpg,img_007.jpg,bg_removed
object_060,object_060/img_008.jpg,img_008.jpg,bg_removed
object_060,object_060/img_009.jpg,img_009.jpg,bg_removed
object_060,object_060/img_010.jpg,img_010.jpg,bg_removed
object_060,object_060/img_011.jpg,img_011.jpg,bg_removed
object_060,object_060/img_012.jpg,img_012.jpg,bg_removed
object_060,object_060/img_013.jpg,img_013.jpg,bg_removed
object_060,object_060/img_014.jpg,img_014.jpg,bg_removed
object_060,object_060/img_015.jpg,img_015.jpg,bg_removed
object_060,object_060/img_016.jpg,img_016.jpg,bg_removed
object_060,object_060/img_017.jpg,img_017.jpg,bg_removed
object_060,object_060/img_018.jpg,img_018.jpg,bg_removed
object_060,object_060/img_019.jpg,img_019.jpg,bg_removed
object_060,object_060/img_020.jpg,img_020.jpg,bg_removed
object_060,object_060/img_021.jpg,img_021.jpg,bg_removed
object_060,object_060/img_022.jpg,img_022.jpg,bg_removed
object_060,object_060/img_023.jpg,img_023.jpg,bg_removed
object_060,object_060/img_024.jpg,img_024.jpg,bg_removed
object_060,object_060/img_025.jpg,img_025.jpg,bg_removed
object_060,object_060/img_026.jpg,img_026.jpg,bg_removed
object_060,object_060/img_027.jpg,img_027.jpg,bg_removed
object_060,object_060/img_028.jpg,img_028.jpg,bg_removed
object_060,object_060/img_029.jpg,img_029.jpg,bg_removed
object_060,object_060/img_030.jpg,img_030.jpg,bg_removed
object_060,object_060/img_031.jpg,img_031.jpg,bg_removed
object_060,object_060/img_032.jpg,img_032.jpg,bg_removed
object_060,object_060/img_033.jpg,img_033.jpg,bg_removed
object_060,object_060/img_034.jpg,img_034.jpg,bg_removed
object_060,object_060/img_035.jpg,img_035.jpg,bg_removed
object_061,object_061/img_001.jpg,img_001.jpg,bg_removed
object_061,object_061/img_002.jpg,img_002.jpg,bg_removed
object_061,object_061/img_003.jpg,img_003.jpg,bg_removed
object_061,object_061/img_004.jpg,img_004.jpg,bg_removed
object_061,object_061/img_005.jpg,img_005.jpg,bg_removed
object_061,object_061/img_006.jpg,img_006.jpg,bg_removed
object_061,object_061/img_007.jpg,img_007.jpg,bg_removed
object_061,object_061/img_008.jpg,img_008.jpg,bg_removed
object_061,object_061/img_009.jpg,img_009.jpg,bg_removed
object_061,object_061/img_010.jpg,img_010.jpg,bg_removed
object_061,object_061/img_011.jpg,img_011.jpg,bg_removed
object_061,object_061/img_012.jpg,img_012.jpg,bg_removed
object_061,object_061/img_013.jpg,img_013.jpg,bg_removed
object_061,object_061/img_014.jpg,img_014.jpg,bg_removed
object_061,object_061/img_015.jpg,img_015.jpg,bg_removed
object_061,object_061/img_016.jpg,img_016.jpg,bg_removed
object_061,object_061/img_017.jpg,img_017.jpg,bg_removed
object_061,object_061/img_018.jpg,img_018.jpg,bg_removed
object_061,object_061/img_019.jpg,img_019.jpg,bg_removed
object_061,object_061/img_020.jpg,img_020.jpg,bg_removed
object_061,object_061/img_021.jpg,img_021.jpg,bg_removed
object_061,object_061/img_022.jpg,img_022.jpg,bg_removed
object_061,object_061/img_023.jpg,img_023.jpg,bg_removed
object_061,object_061/img_024.jpg,img_024.jpg,bg_removed
object_061,object_061/img_025.jpg,img_025.jpg,bg_removed
object_061,object_061/img_026.jpg,img_026.jpg,bg_removed
object_061,object_061/img_027.jpg,img_027.jpg,bg_removed
object_061,object_061/img_028.jpg,img_028.jpg,bg_removed
object_062,object_062/img_001.jpg,img_001.jpg,bg_removed
object_062,object_062/img_002.jpg,img_002.jpg,bg_removed
object_062,object_062/img_003.jpg,img_003.jpg,bg_removed
object_062,object_062/img_004.jpg,img_004.jpg,bg_removed
object_062,object_062/img_005.jpg,img_005.jpg,bg_removed
object_062,object_062/img_006.jpg,img_006.jpg,bg_removed
object_062,object_062/img_007.jpg,img_007.jpg,bg_removed
object_062,object_062/img_008.jpg,img_008.jpg,bg_removed
object_062,object_062/img_009.jpg,img_009.jpg,bg_removed
object_062,object_062/img_010.jpg,img_010.jpg,bg_removed
object_062,object_062/img_011.jpg,img_011.jpg,bg_removed
object_062,object_062/img_012.jpg,img_012.jpg,bg_removed
object_062,object_062/img_013.jpg,img_013.jpg,bg_removed
object_062,object_062/img_014.jpg,img_014.jpg,bg_removed
object_062,object_062/img_015.jpg,img_015.jpg,bg_removed
object_062,object_062/img_016.jpg,img_016.jpg,bg_removed
object_062,object_062/img_017.jpg,img_017.jpg,bg_removed
object_062,object_062/img_018.jpg,img_018.jpg,bg_removed
object_062,object_062/img_019.jpg,img_019.jpg,bg_removed
object_062,object_062/img_020.jpg,img_020.jpg,bg_removed
object_062,object_062/img_021.jpg,img_021.jpg,bg_removed
object_062,object_062/img_022.jpg,img_022.jpg,bg_removed
object_062,object_062/img_023.jpg,img_023.jpg,bg_removed
object_062,object_062/img_024.jpg,img_024.jpg,bg_removed
object_062,object_062/img_025.jpg,img_025.jpg,bg_removed
object_062,object_062/img_026.jpg,img_026.jpg,bg_removed
object_062,object_062/img_027.jpg,img_027.jpg,bg_removed
object_062,object_062/img_028.jpg,img_028.jpg,bg_removed
object_062,object_062/img_029.jpg,img_029.jpg,bg_removed
object_062,object_062/img_030.jpg,img_030.jpg,bg_removed
object_062,object_062/img_031.jpg,img_031.jpg,bg_removed
object_062,object_062/img_032.jpg,img_032.jpg,bg_removed
object_062,object_062/img_033.jpg,img_033.jpg,bg_removed
object_062,object_062/img_034.jpg,img_034.jpg,bg_removed
object_062,object_062/img_035.jpg,img_035.jpg,bg_removed
object_063,object_063/img_001.jpg,img_001.jpg,bg_removed
object_063,object_063/img_002.jpg,img_002.jpg,bg_removed
object_063,object_063/img_003.jpg,img_003.jpg,bg_removed
object_063,object_063/img_004.jpg,img_004.jpg,bg_removed
object_063,object_063/img_005.jpg,img_005.jpg,bg_removed
object_063,object_063/img_006.jpg,img_006.jpg,bg_removed
object_063,object_063/img_007.jpg,img_007.jpg,bg_removed
object_063,object_063/img_008.jpg,img_008.jpg,bg_removed
object_063,object_063/img_009.jpg,img_009.jpg,bg_removed
object_063,object_063/img_010.jpg,img_010.jpg,bg_removed
object_063,object_063/img_011.jpg,img_011.jpg,bg_removed
object_063,object_063/img_012.jpg,img_012.jpg,bg_removed
object_063,object_063/img_013.jpg,img_013.jpg,bg_removed
object_063,object_063/img_014.jpg,img_014.jpg,bg_removed
object_063,object_063/img_015.jpg,img_015.jpg,bg_removed
object_063,object_063/img_016.jpg,img_016.jpg,bg_removed
object_063,object_063/img_017.jpg,img_017.jpg,bg_removed
object_063,object_063/img_018.jpg,img_018.jpg,bg_removed
object_063,object_063/img_019.jpg,img_019.jpg,bg_removed
object_063,object_063/img_020.jpg,img_020.jpg,bg_removed
object_063,object_063/img_021.jpg,img_021.jpg,bg_removed
object_063,object_063/img_022.jpg,img_022.jpg,bg_removed
object_063,object_063/img_023.jpg,img_023.jpg,bg_removed
object_063,object_063/img_024.jpg,img_024.jpg,bg_removed
object_063,object_063/img_025.jpg,img_025.jpg,bg_removed
object_063,object_063/img_026.jpg,img_026.jpg,bg_removed
object_064,object_064/img_001.jpg,img_001.jpg,bg_removed
object_064,object_064/img_002.jpg,img_002.jpg,bg_removed
object_064,object_064/img_003.jpg,img_003.jpg,bg_removed
object_064,object_064/img_004.jpg,img_004.jpg,bg_removed
object_064,object_064/img_005.jpg,img_005.jpg,bg_removed
object_064,object_064/img_006.jpg,img_006.jpg,bg_removed
object_064,object_064/img_007.jpg,img_007.jpg,bg_removed
object_064,object_064/img_008.jpg,img_008.jpg,bg_removed
object_064,object_064/img_009.jpg,img_009.jpg,bg_removed
object_064,object_064/img_010.jpg,img_010.jpg,bg_removed
object_064,object_064/img_011.jpg,img_011.jpg,bg_removed
object_064,object_064/img_012.jpg,img_012.jpg,bg_removed
object_064,object_064/img_013.jpg,img_013.jpg,bg_removed
object_064,object_064/img_014.jpg,img_014.jpg,bg_removed
object_064,object_064/img_015.jpg,img_015.jpg,bg_removed
object_064,object_064/img_016.jpg,img_016.jpg,bg_removed
object_064,object_064/img_017.jpg,img_017.jpg,bg_removed
object_064,object_064/img_018.jpg,img_018.jpg,bg_removed
object_064,object_064/img_019.jpg,img_019.jpg,bg_removed
object_064,object_064/img_020.jpg,img_020.jpg,bg_removed
object_064,object_064/img_021.jpg,img_021.jpg,bg_removed
object_064,object_064/img_022.jpg,img_022.jpg,bg_removed
object_064,object_064/img_023.jpg,img_023.jpg,bg_removed
object_064,object_064/img_024.jpg,img_024.jpg,bg_removed
object_065,object_065/img_003.jpg,img_003.jpg,bg_removed
object_065,object_065/img_004.jpg,img_004.jpg,bg_removed
object_065,object_065/img_005.jpg,img_005.jpg,bg_removed
object_065,object_065/img_007.jpg,img_007.jpg,bg_removed
object_065,object_065/img_008.jpg,img_008.jpg,bg_removed
object_065,object_065/img_010.jpg,img_010.jpg,bg_removed
object_065,object_065/img_011.jpg,img_011.jpg,bg_removed
object_065,object_065/img_012.jpg,img_012.jpg,bg_removed
object_065,object_065/img_013.jpg,img_013.jpg,bg_removed
object_065,object_065/img_014.jpg,img_014.jpg,bg_removed
object_065,object_065/img_015.jpg,img_015.jpg,bg_removed
object_065,object_065/img_016.jpg,img_016.jpg,bg_removed
object_065,object_065/img_017.jpg,img_017.jpg,bg_removed
object_065,object_065/img_018.jpg,img_018.jpg,bg_removed
object_065,object_065/img_019.jpg,img_019.jpg,bg_removed
object_065,object_065/img_020.jpg,img_020.jpg,bg_removed
object_065,object_065/img_021.jpg,img_021.jpg,bg_removed
object_065,object_065/img_022.jpg,img_022.jpg,bg_removed
object_065,object_065/img_023.jpg,img_023.jpg,bg_removed
object_065,object_065/img_024.jpg,img_024.jpg,bg_removed
object_065,object_065/img_025.jpg,img_025.jpg,bg_removed
object_065,object_065/img_026.jpg,img_026.jpg,bg_removed
object_065,object_065/img_027.jpg,img_027.jpg,bg_removed
object_065,object_065/img_028.jpg,img_028.jpg,bg_removed
object_065,object_065/img_029.jpg,img_029.jpg,bg_removed
object_065,object_065/img_030.jpg,img_030.jpg,bg_removed
object_066,object_066/img_011.jpg,img_011.jpg,bg_removed
object_067,object_067/img_001.jpg,img_001.jpg,bg_removed
object_067,object_067/img_002.jpg,img_002.jpg,bg_removed
object_067,object_067/img_003.jpg,img_003.jpg,bg_removed
object_067,object_067/img_004.jpg,img_004.jpg,bg_removed
object_067,object_067/img_005.jpg,img_005.jpg,bg_removed
object_067,object_067/img_006.jpg,img_006.jpg,bg_removed
object_067,object_067/img_007.jpg,img_007.jpg,bg_removed
object_067,object_067/img_008.jpg,img_008.jpg,bg_removed
object_067,object_067/img_009.jpg,img_009.jpg,bg_removed
object_067,object_067/img_010.jpg,img_010.jpg,bg_removed
object_067,object_067/img_011.jpg,img_011.jpg,bg_removed
object_067,object_067/img_012.jpg,img_012.jpg,bg_removed
object_067,object_067/img_013.jpg,img_013.jpg,bg_removed
object_067,object_067/img_014.jpg,img_014.jpg,bg_removed
object_067,object_067/img_015.jpg,img_015.jpg,bg_removed
object_067,object_067/img_016.jpg,img_016.jpg,bg_removed
object_067,object_067/img_017.jpg,img_017.jpg,bg_removed
object_067,object_067/img_018.jpg,img_018.jpg,bg_removed
object_067,object_067/img_019.jpg,img_019.jpg,bg_removed
object_067,object_067/img_020.jpg,img_020.jpg,bg_removed
object_067,object_067/img_021.jpg,img_021.jpg,bg_removed
object_067,object_067/img_022.jpg,img_022.jpg,bg_removed
object_067,object_067/img_023.jpg,img_023.jpg,bg_removed
object_067,object_067/img_024.jpg,img_024.jpg,bg_removed
object_067,object_067/img_025.jpg,img_025.jpg,bg_removed
object_067,object_067/img_026.jpg,img_026.jpg,bg_removed
object_067,object_067/img_027.jpg,img_027.jpg,bg_removed
object_067,object_067/img_028.jpg,img_028.jpg,bg_removed
object_068,object_068/img_001.jpg,img_001.jpg,bg_removed
object_068,object_068/img_002.jpg,img_002.jpg,bg_removed
object_068,object_068/img_003.jpg,img_003.jpg,bg_removed
object_068,object_068/img_004.jpg,img_004.jpg,bg_removed
object_068,object_068/img_005.jpg,img_005.jpg,bg_removed
object_068,object_068/img_006.jpg,img_006.jpg,bg_removed
object_068,object_068/img_007.jpg,img_007.jpg,bg_removed
object_068,object_068/img_008.jpg,img_008.jpg,bg_removed
object_068,object_068/img_009.jpg,img_009.jpg,bg_removed
object_068,object_068/img_010.jpg,img_010.jpg,bg_removed
object_068,object_068/img_011.jpg,img_011.jpg,bg_removed
object_068,object_068/img_012.jpg,img_012.jpg,bg_removed
object_068,object_068/img_013.jpg,img_013.jpg,bg_removed
object_068,object_068/img_014.jpg,img_014.jpg,bg_removed
object_068,object_068/img_015.jpg,img_015.jpg,bg_removed
object_068,object_068/img_016.jpg,img_016.jpg,bg_removed
object_068,object_068/img_017.jpg,img_017.jpg,bg_removed
object_068,object_068/img_018.jpg,img_018.jpg,bg_removed
object_068,object_068/img_019.jpg,img_019.jpg,bg_removed
object_068,object_068/img_020.jpg,img_020.jpg,bg_removed
object_068,object_068/img_021.jpg,img_021.jpg,bg_removed
object_068,object_068/img_022.jpg,img_022.jpg,bg_removed
object_068,object_068/img_023.jpg,img_023.jpg,bg_removed
object_068,object_068/img_024.jpg,img_024.jpg,bg_removed
object_068,object_068/img_025.jpg,img_025.jpg,bg_removed
object_068,object_068/img_026.jpg,img_026.jpg,bg_removed
object_068,object_068/img_027.jpg,img_027.jpg,bg_removed
object_068,object_068/img_028.jpg,img_028.jpg,bg_removed
object_068,object_068/img_029.jpg,img_029.jpg,bg_removed
object_068,object_068/img_030.jpg,img_030.jpg,bg_removed
object_068,object_068/img_031.jpg,img_031.jpg,bg_removed
object_068,object_068/img_032.jpg,img_032.jpg,bg_removed
object_068,object_068/img_033.jpg,img_033.jpg,bg_removed
object_068,object_068/img_034.jpg,img_034.jpg,bg_removed
object_068,object_068/img_035.jpg,img_035.jpg,bg_removed
object_068,object_068/img_036.jpg,img_036.jpg,bg_removed
object_069,object_069/img_001.jpg,img_001.jpg,bg_removed
object_069,object_069/img_002.jpg,img_002.jpg,bg_removed
object_069,object_069/img_003.jpg,img_003.jpg,bg_removed
object_069,object_069/img_004.jpg,img_004.jpg,bg_removed
object_069,object_069/img_005.jpg,img_005.jpg,bg_removed
object_069,object_069/img_006.jpg,img_006.jpg,bg_removed
object_069,object_069/img_007.jpg,img_007.jpg,bg_removed
object_069,object_069/img_008.jpg,img_008.jpg,bg_removed
object_069,object_069/img_009.jpg,img_009.jpg,bg_removed
object_069,object_069/img_010.jpg,img_010.jpg,bg_removed
object_069,object_069/img_011.jpg,img_011.jpg,bg_removed
object_069,object_069/img_012.jpg,img_012.jpg,bg_removed
object_069,object_069/img_013.jpg,img_013.jpg,bg_removed
object_069,object_069/img_014.jpg,img_014.jpg,bg_removed
object_069,object_069/img_015.jpg,img_015.jpg,bg_removed
object_069,object_069/img_016.jpg,img_016.jpg,bg_removed
object_069,object_069/img_017.jpg,img_017.jpg,bg_removed
object_069,object_069/img_018.jpg,img_018.jpg,bg_removed
object_069,object_069/img_019.jpg,img_019.jpg,bg_removed
object_069,object_069/img_020.jpg,img_020.jpg,bg_removed
object_069,object_069/img_021.jpg,img_021.jpg,bg_removed
object_069,object_069/img_022.jpg,img_022.jpg,bg_removed
object_069,object_069/img_023.jpg,img_023.jpg,bg_removed
object_069,object_069/img_024.jpg,img_024.jpg,bg_removed
object_069,object_069/img_025.jpg,img_025.jpg,bg_removed
object_069,object_069/img_026.jpg,img_026.jpg,bg_removed
object_069,object_069/img_027.jpg,img_027.jpg,bg_removed
object_069,object_069/img_028.jpg,img_028.jpg,bg_removed
object_069,object_069/img_029.jpg,img_029.jpg,bg_removed
object_070,object_070/img_030.jpg,img_030.jpg,bg_removed
object_071,object_071/img_001.jpg,img_001.jpg,bg_removed
object_071,object_071/img_002.jpg,img_002.jpg,bg_removed
object_071,object_071/img_003.jpg,img_003.jpg,bg_removed
object_071,object_071/img_004.jpg,img_004.jpg,bg_removed
object_071,object_071/img_005.jpg,img_005.jpg,bg_removed
object_071,object_071/img_006.jpg,img_006.jpg,bg_removed
object_071,object_071/img_007.jpg,img_007.jpg,bg_removed
object_071,object_071/img_008.jpg,img_008.jpg,bg_removed
object_071,object_071/img_009.jpg,img_009.jpg,bg_removed
object_071,object_071/img_010.jpg,img_010.jpg,bg_removed
object_071,object_071/img_011.jpg,img_011.jpg,bg_removed
object_071,object_071/img_012.jpg,img_012.jpg,bg_removed
object_071,object_071/img_013.jpg,img_013.jpg,bg_removed
object_071,object_071/img_014.jpg,img_014.jpg,bg_removed
object_071,object_071/img_015.jpg,img_015.jpg,bg_removed
object_071,object_071/img_016.jpg,img_016.jpg,bg_removed
object_071,object_071/img_017.jpg,img_017.jpg,bg_removed
object_071,object_071/img_018.jpg,img_018.jpg,bg_removed
object_071,object_071/img_019.jpg,img_019.jpg,bg_removed
object_071,object_071/img_020.jpg,img_020.jpg,bg_removed
object_071,object_071/img_021.jpg,img_021.jpg,bg_removed
object_071,object_071/img_022.jpg,img_022.jpg,bg_removed
object_071,object_071/img_023.jpg,img_023.jpg,bg_removed
object_072,object_072/img_001.jpg,img_001.jpg,bg_removed
object_072,object_072/img_002.jpg,img_002.jpg,bg_removed
object_072,object_072/img_003.jpg,img_003.jpg,bg_removed
object_072,object_072/img_004.jpg,img_004.jpg,bg_removed
object_072,object_072/img_005.jpg,img_005.jpg,bg_removed
object_072,object_072/img_006.jpg,img_006.jpg,bg_removed
object_072,object_072/img_007.jpg,img_007.jpg,bg_removed
object_072,object_072/img_008.jpg,img_008.jpg,bg_removed
object_072,object_072/img_009.jpg,img_009.jpg,bg_removed
object_072,object_072/img_010.jpg,img_010.jpg,bg_removed
object_072,object_072/img_011.jpg,img_011.jpg,bg_removed
object_072,object_072/img_012.jpg,img_012.jpg,bg_removed
object_072,object_072/img_013.jpg,img_013.jpg,bg_removed
object_072,object_072/img_014.jpg,img_014.jpg,bg_removed
object_072,object_072/img_015.jpg,img_015.jpg,bg_removed
object_072,object_072/img_016.jpg,img_016.jpg,bg_removed
object_072,object_072/img_017.jpg,img_017.jpg,bg_removed
object_072,object_072/img_018.jpg,img_018.jpg,bg_removed
object_072,object_072/img_019.jpg,img_019.jpg,bg_removed
object_072,object_072/img_020.jpg,img_020.jpg,bg_removed
object_072,object_072/img_021.jpg,img_021.jpg,bg_removed
object_072,object_072/img_022.jpg,img_022.jpg,bg_removed
object_072,object_072/img_023.jpg,img_023.jpg,bg_removed
object_072,object_072/img_024.jpg,img_024.jpg,bg_removed
object_073,object_073/img_001.jpg,img_001.jpg,bg_removed
object_073,object_073/img_002.jpg,img_002.jpg,bg_removed
object_073,object_073/img_003.jpg,img_003.jpg,bg_removed
object_073,object_073/img_004.jpg,img_004.jpg,bg_removed
object_073,object_073/img_005.jpg,img_005.jpg,bg_removed
object_073,object_073/img_006.jpg,img_006.jpg,bg_removed
object_073,object_073/img_007.jpg,img_007.jpg,bg_removed
object_073,object_073/img_008.jpg,img_008.jpg,bg_removed
object_073,object_073/img_009.jpg,img_009.jpg,bg_removed
object_073,object_073/img_010.jpg,img_010.jpg,bg_removed
object_073,object_073/img_011.jpg,img_011.jpg,bg_removed
object_073,object_073/img_012.jpg,img_012.jpg,bg_removed
object_073,object_073/img_013.jpg,img_013.jpg,bg_removed
object_073,object_073/img_014.jpg,img_014.jpg,bg_removed
object_073,object_073/img_015.jpg,img_015.jpg,bg_removed
object_073,object_073/img_016.jpg,img_016.jpg,bg_removed
object_073,object_073/img_017.jpg,img_017.jpg,bg_removed
object_073,object_073/img_018.jpg,img_018.jpg,bg_removed
object_073,object_073/img_019.jpg,img_019.jpg,bg_removed
object_073,object_073/img_020.jpg,img_020.jpg,bg_removed
object_073,object_073/img_021.jpg,img_021.jpg,bg_removed
object_073,object_073/img_022.jpg,img_022.jpg,bg_removed
object_073,object_073/img_023.jpg,img_023.jpg,bg_removed
object_073,object_073/img_024.jpg,img_024.jpg,bg_removed
object_073,object_073/img_025.jpg,img_025.jpg,bg_removed
object_073,object_073/img_026.jpg,img_026.jpg,bg_removed
object_073,object_073/img_027.jpg,img_027.jpg,bg_removed
object_073,object_073/img_028.jpg,img_028.jpg,bg_removed
object_073,object_073/img_029.jpg,img_029.jpg,bg_removed
object_073,object_073/img_030.jpg,img_030.jpg,bg_removed
object_073,object_073/img_031.jpg,img_031.jpg,bg_removed
object_073,object_073/img_032.jpg,img_032.jpg,bg_removed
object_073,object_073/img_033.jpg,img_033.jpg,bg_removed
object_073,object_073/img_034.jpg,img_034.jpg,bg_removed
object_073,object_073/img_035.jpg,img_035.jpg,bg_removed
object_073,object_073/img_036.jpg,img_036.jpg,bg_removed
object_073,object_073/img_037.jpg,img_037.jpg,bg_removed
object_073,object_073/img_038.jpg,img_038.jpg,bg_removed
object_073,object_073/img_039.jpg,img_039.jpg,bg_removed
object_074,object_074/img_001.jpg,img_001.jpg,bg_removed
object_074,object_074/img_002.jpg,img_002.jpg,bg_removed
object_074,object_074/img_003.jpg,img_003.jpg,bg_removed
object_074,object_074/img_004.jpg,img_004.jpg,bg_removed
object_074,object_074/img_005.jpg,img_005.jpg,bg_removed
object_074,object_074/img_006.jpg,img_006.jpg,bg_removed
object_074,object_074/img_007.jpg,img_007.jpg,bg_removed
object_075,object_075/img_001.jpg,img_001.jpg,bg_removed
object_075,object_075/img_002.jpg,img_002.jpg,bg_removed
object_075,object_075/img_003.jpg,img_003.jpg,bg_removed
object_075,object_075/img_004.jpg,img_004.jpg,bg_removed
object_075,object_075/img_005.jpg,img_005.jpg,bg_removed
object_075,object_075/img_006.jpg,img_006.jpg,bg_removed
object_075,object_075/img_007.jpg,img_007.jpg,bg_removed
object_075,object_075/img_008.jpg,img_008.jpg,bg_removed
object_075,object_075/img_009.jpg,img_009.jpg,bg_removed
object_075,object_075/img_010.jpg,img_010.jpg,bg_removed
object_075,object_075/img_011.jpg,img_011.jpg,bg_removed
object_075,object_075/img_012.jpg,img_012.jpg,bg_removed
object_075,object_075/img_013.jpg,img_013.jpg,bg_removed
object_075,object_075/img_014.jpg,img_014.jpg,bg_removed
object_075,object_075/img_015.jpg,img_015.jpg,bg_removed
object_075,object_075/img_016.jpg,img_016.jpg,bg_removed
object_075,object_075/img_017.jpg,img_017.jpg,bg_removed
object_075,object_075/img_018.jpg,img_018.jpg,bg_removed
object_075,object_075/img_019.jpg,img_019.jpg,bg_removed
object_075,object_075/img_020.jpg,img_020.jpg,bg_removed
object_075,object_075/img_021.jpg,img_021.jpg,bg_removed
object_075,object_075/img_022.jpg,img_022.jpg,bg_removed
object_075,object_075/img_023.jpg,img_023.jpg,bg_removed
object_075,object_075/img_024.jpg,img_024.jpg,bg_removed
object_075,object_075/img_025.jpg,img_025.jpg,bg_removed
object_075,object_075/img_026.jpg,img_026.jpg,bg_removed
object_075,object_075/img_027.jpg,img_027.jpg,bg_removed
object_075,object_075/img_028.jpg,img_028.jpg,bg_removed
